<?xml version="1.0" encoding="UTF-8"?>
<project-private xmlns="http://www.netbeans.org/ns/project-private/1">
    <editor-bookmarks xmlns="http://www.netbeans.org/ns/editor-bookmarks/2" lastBookmarkId="0"/>
    <open-files xmlns="http://www.netbeans.org/ns/projectui-open-files/2">
        <group>
            <file>file:/C:/Users/Guat%20Si%20Jie/Documents/NetBeansProjects/Gomoku/src/gomoku/board.java</file>
            <file>file:/C:/Users/Guat%20Si%20Jie/Documents/NetBeansProjects/Gomoku/src/gomoku/Gomoku.java</file>
            <file>file:/C:/Users/Guat%20Si%20Jie/Documents/NetBeansProjects/Gomoku/src/gomoku/count_values.java</file>
            <file>file:/C:/Users/Guat%20Si%20Jie/Documents/NetBeansProjects/Gomoku/src/gomoku/Check.java</file>
            <file>file:/C:/Users/Guat%20Si%20Jie/Documents/NetBeansProjects/Gomoku/src/gomoku/Brain.java</file>
            <file>file:/C:/Users/Guat%20Si%20Jie/Documents/NetBeansProjects/Gomoku/src/gomoku/possible_location.java</file>
            <file>file:/C:/Users/Guat%20Si%20Jie/Documents/NetBeansProjects/Gomoku/src/gomoku/think.java</file>
        </group>
    </open-files>
</project-private>
